pathogenProtein	pStart	pEnd	pathogenSequence	hostProtein	hStart	hEnd	hostSequence	alnScore	percID
A0A132P8P3	16	30	PGVGKTLLVKALAK	Q9NU22	1754	1768	PGVGKTSLVGALAK	54.0	85.71428571428571
A0A132P962	179	190	LLTSLFLFFFV	Q92854	734	745	LLMSLFLFFFV	47.0	90.9090909090909
A0A132P966	186	198	DEDDDDEDYEEE	P19338	252	264	DEDDDDEDDEEE	58.0	91.66666666666667
A0A133CN82	82	93	FLVDLLCIGAI	Q5VW38	404	415	FLVDLLCCGAI	50.0	90.9090909090909
A0A133CR02	39	50	VPKKGKIVDLC	P51784	515	526	VPKKGKISDLC	53.0	90.9090909090909
A0A133CVB0	63	74	SGGGSSGGGGG	P04264	512	523	SGGGSRGGGGG	55.0	90.9090909090909
A0A133CVB0	63	74	SGGGSSGGGGG	P22670	379	390	SGGGGSGGGGG	56.0	90.9090909090909
A0A133CVB0	63	74	SGGGSSGGGGG	Q96PV0	1052	1063	SGGGSGGGGGG	56.0	90.9090909090909
A0A133CVB0	63	74	SGGGSSGGGGG	Q9UKM9	238	249	SGGGGSGGGGG	56.0	90.9090909090909
A0A133CVB0	63	74	SGGGSSGGGGG	Q9Y2X9	21	32	SGGGGSGGGGG	56.0	90.9090909090909
A0A133CVB0	64	74	GGGSSGGGGG	P13645	530	540	GGGSSGGGGG	56.0	100.0
A0A133CVB0	64	74	GGGSSGGGGG	P23490	272	282	GGGSSGGGGG	56.0	100.0
A0A133CVB0	64	74	GGGSSGGGGG	P23490	64	74	GGGSSGGGGG	56.0	100.0
A0A133CVB0	64	74	GGGSSGGGGG	Q10571	771	781	GGGSSGGGGG	56.0	100.0
A0A133CVB0	64	74	GGGSSGGGGG	Q12791	7	17	GGGSSGGGGG	56.0	100.0
A0A133CVB0	64	74	GGGSSGGGGG	Q9HCJ5	23	33	GGGSSGGGGG	56.0	100.0
A0A455TW32	259	270	KLALRFHRRLL	Q8WZ19	200	211	KLALRFHGRLL	47.0	90.9090909090909
Q9K2J9	383	394	PAPTPTPTPEQ	Q13164	590	601	PAPTPTPTPVQ	57.0	90.9090909090909
