pathogenProtein	pStart	pEnd	pathogenSequence	hostProtein	hStart	hEnd	hostSequence	alnScore	percID
O24923	149	160	GGMGMYGPGFG	Q9P2K5	361	372	GGMGMDGPGFG	56.0	90.9090909090909
O25346	256	268	FEDRLKEGEREV	P11047	1070	1082	FEDRLKEAEREV	55.0	91.66666666666667
O25912	11	23	LGAILLVLVCLV	Q9NZN1	363	375	LGAILLLLVCLV	52.0	91.66666666666667
