pathogenProtein	pStart	pEnd	pathogenSequence	hostProtein	hStart	hEnd	hostSequence	alnScore	percID
A0A0H3GHU0	133	144	ALGVPAGRGDE	Q9Y240	53	64	ALGLPAGRGDE	54.0	90.9090909090909
A0A0H3GIA6	171	182	PTSPGEAPSPL	Q13207	333	344	PTSPGAAPSPL	54.0	90.9090909090909
A0A0H3GM41	50	61	GRVLAPGFIDV	Q9Y303	59	70	GRILAPGFIDV	55.0	90.9090909090909
A0A0H3GPU1	201	212	DPSIKGTFVWS	Q9NZL9	240	251	DPSIKGTFHWS	55.0	90.9090909090909
A0A0H3GRL3	59	71	DEDEDEDEDEAE	P19338	159	171	DEDEDEDEDEIE	59.0	91.66666666666667
A0A0H3GRL3	35	46	DEDEDEDEDED	Q13438	415	428	EEDEDEDEDEDED	61.0	100.0
A0A0H3GRL3	35	46	DEDEDEDEDED	Q5H9L4	339	354	DEDEDEDEDEDEDED	61.0	100.0
A0A0H3GRL3	35	46	DEDEDEDEDED	Q9BTT0	192	203	EEDEDEDEDED	57.0	90.9090909090909
A0A0H3GRL3	35	46	DEDEDEDEDED	Q9H501	278	289	DEDEEEDEDED	57.0	90.9090909090909
A0A0H3GRL3	58	72	EDEDEDEDEDEAEL	Q13438	416	432	EDEDEDEDEDEDERQL	65.0	85.71428571428571
A0A0H3GRL3	58	71	EDEDEDEDEDEAE	Q5H9L4	339	353	DEDEDEDEDEDEDE	63.0	92.3076923076923
A0A0H3GRL3	58	70	EDEDEDEDEDEA	Q9BTT0	193	205	EDEDEDEDEDEA	64.0	100.0
A0A0H3GRQ7	28	39	RSTARQTITAW	Q7Z2G1	125	136	RSTKRQTITAW	52.0	90.9090909090909
A0A0H3GZJ8	48	59	FIPLTDCAPLA	Q5VUG0	831	842	FIKLTDCAPLA	52.0	90.9090909090909
A0A0H3H0S6	208	218	TGGGGSGGGA	Q05925	222	232	TGGGGSGGGA	55.0	100.0
A0A0H3H5T5	134	145	APTPPSPPPGP	Q9NP71	573	584	APTPPRPPPGP	63.0	90.9090909090909
