pathogenProtein	pStart	pEnd	pathogenSequence	hostProtein	hStart	hEnd	hostSequence	alnScore	percID
Q2FUP6	145	159	EEEEEREEEKEEEY	Q96MU7	236	250	EEEEEEEEEEEEEY	63.0	85.71428571428571
Q2FUP6	145	159	EEEEEREEEKEEEY	Q9BT43	169	183	EEEEEKEEEEEEEY	65.0	85.71428571428571
Q2FX30	88	102	EEDNEEDEEDKEDE	Q6ZMV5	807	821	EEDEEEKEEDKEDE	62.0	85.71428571428571
Q2FX74	179	191	KGDKGEPGQPGA	P02461	739	751	KGDKGEPGGPGA	61.0	91.66666666666667
Q2FX74	179	190	KGDKGEPGQPG	Q9BXS0	620	631	KGEKGEPGQPG	60.0	90.9090909090909
Q2FZH2	312	324	LLLLLPSLILLL	O15496	11	23	LLLLLPSLLLLL	49.0	91.66666666666667
Q2G1W1	40	54	TTQTTTTTTTTTTT	Q12955	3959	3978	TTTTTTATTTTTTTTTTTT	64.0	92.85714285714286
Q2G1W1	40	53	TTQTTTTTTTTTT	Q9BY67	340	353	TTTTTTTTTTTTT	59.0	92.3076923076923
