pathogenProtein	pStart	pEnd	pathogenSequence	hostProtein	hStart	hEnd	hostSequence	alnScore	percID
Q8CYM9	427	441	ILTLLGLSLYLGLP	Q9Y653	608	622	VLTLLGLSLVLGLP	58.0	85.71428571428571
Q8CZ02	136	147	FFGATLIGTAI	Q96GC9	287	298	FFGATLIGKAI	48.0	90.9090909090909
Q8DPV5	135	149	AHQLAISTSTVIRK	Q9NQV5	353	367	AHQLALSTSLVIRK	57.0	85.71428571428571
Q8DQA7	123	137	AHQLAISTSTVIRK	Q9NQV5	353	367	AHQLALSTSLVIRK	57.0	85.71428571428571
Q8DQ17	86	101	PVAAALRELEEETAY	Q9UKK9	104	119	PEAAALRELEEETGY	62.0	86.66666666666667
Q8DQ40	430	441	TSRPLVFGQPN	O95759	946	957	TSRPLVFGKPN	55.0	90.9090909090909
Q8DQ78	97	108	VPSLPNSNSKP	P51825	941	952	VPSLPNGNSKP	54.0	90.9090909090909
