pathogenProtein	pStart	pEnd	pathogenSequence	hostProtein	hStart	hEnd	hostSequence	alnScore	percID
Q7AQ23	395	406	IPTPTPMPAPA	Q92830	38	49	IPTPTPAPAPA	56.0	90.9090909090909
Q7AQC6	214	225	PKPADGVPPPP	Q92922	1084	1095	PPPADGVPPPP	61.0	90.9090909090909
Q7AQP0	80	91	AGGSGGGGGGK	P49790	4	15	AGGVGGGGGGK	55.0	90.9090909090909
Q9CCQ9	399	410	GRGPGVGFGSG	P13647	557	568	GRGLGVGFGSG	52.0	90.9090909090909
Q9CD12	505	517	GGTGGSGGAGGS	Q9Y566	528	540	GGTGGSGGPGGS	60.0	91.66666666666667
