pathogenProtein	pStart	pEnd	pathogenSequence	hostProtein	hStart	hEnd	hostSequence	alnScore	percID
Q9HXK1	41	52	GAAQGGGDGGG	O43525	9	20	GAAGGGGDGGG	54.0	90.9090909090909
Q9HYQ5	327	338	PAAPPPAAAAP	Q9C009	235	246	PAAPPPAPAAP	54.0	90.9090909090909
Q9HYQ5	396	408	RAPRPPAAAPAP	Q9BXA9	142	154	RAPRPPPAAPAP	60.0	91.66666666666667
Q9HYQ5	420	431	APSSPPPSPPP	Q13796	309	320	APSSPPPPPPP	60.0	90.9090909090909
Q9HYQ5	421	432	PSSPPPSPPPA	Q9BYW2	186	197	PSSPPPPPPPA	60.0	90.9090909090909
Q9HYQ5	426	437	PSPPPAPAAAP	Q9Y2V3	82	93	PSPPPAPAPAP	57.0	90.9090909090909
Q9HZA6	420	431	PPVAPPPAPAA	Q9P1Z3	22	33	PPVAPPPATAA	54.0	90.9090909090909
Q9I2M3	149	162	SGGGGGGGSSVPP	Q9UKM9	243	256	SGGGGGGGSSRPP	65.0	92.3076923076923
Q9I332	92	103	DATPTPTPTPT	Q14CN2	875	886	DPTPTPTPTPT	58.0	90.9090909090909
Q9I735	5	15	PAAPPGSTGS	Q9UHD9	520	530	PAAPPGSTGS	54.0	100.0
Q9I751	231	245	TPAPSATPVAQPLP	Q9H7N4	419	433	TPAASATPTAQPLP	62.0	85.71428571428571
Q9I751	276	287	PQPQPQPQPAS	Q8WUF5	407	418	PQPQPQPQPQS	58.0	90.9090909090909
Q9I751	276	287	PQPQPQPQPAS	Q8WV24	322	333	PQPQPQPQPQS	58.0	90.9090909090909
Q9I771	78	89	SGGGGGGFGEP	Q7Z5Q1	43	54	SGGGGGGFGGP	57.0	90.9090909090909
Q9RMT3	153	164	PAPPAPPQPAA	H3BV60	42	53	PAPPAPPFPAA	55.0	90.9090909090909
Q9RMT3	162	172	AAPPAPPAPA	P20585	60	70	AAPPAPPAPA	55.0	100.0
