pathogenProtein	pStart	pEnd	pathogenSequence	hostProtein	hStart	hEnd	hostSequence	alnScore	percID
Q50123	44	58	RSKLPEVVEKGTVI	Q3T8J9	326	340	RSKLKEVVEKGVVI	54.0	85.71428571428571
Q7AQ23	395	406	IPTPTPMPAPA	Q92830	38	49	IPTPTPAPAPA	56.0	90.9090909090909
Q7AQC6	214	225	PKPADGVPPPP	Q92922	1084	1095	PPPADGVPPPP	61.0	90.9090909090909
Q7AQD6	19	30	CLLWLLAVTAL	Q8ND94	5	16	CLLWLLAVTFL	51.0	90.9090909090909
Q7AQP0	80	91	AGGSGGGGGGK	P49790	4	15	AGGVGGGGGGK	55.0	90.9090909090909
Q9CCQ9	399	410	GRGPGVGFGSG	P13647	557	568	GRGLGVGFGSG	52.0	90.9090909090909
Q9CD12	434	445	PNPDGLPLLPG	Q9BZE0	474	485	PSPDGLPLLPG	59.0	90.9090909090909
Q9CD12	505	517	GGTGGSGGAGGS	Q9Y566	528	540	GGTGGSGGPGGS	60.0	91.66666666666667
Q9CD19	1270	1284	LALLPLLALLALWG	F8WCM5	4	18	MRLLPLLALLALWG	61.0	85.71428571428571
Q9CD19	1270	1284	LALLPLLALLALWG	P01308	4	18	MRLLPLLALLALWG	61.0	85.71428571428571
Q9CD19	1269	1282	GLALLPLLALLAL	Q01459	20	33	GLALLALLALLAL	49.0	92.3076923076923
Q9CD19	213	227	TGWWLLALCLATLW	Q7Z5A8	10	24	TGGWLLALCLAWLW	66.0	85.71428571428571
