pathogenProtein	pStart	pEnd	pathogenSequence	hostProtein	hStart	hEnd	hostSequence	alnScore	percID
Q5F7H3	202	213	LHTEGLYRKSG	Q13459	1727	1738	LYTEGLYRKSG	53.0	90.9090909090909
Q5F7M4	316	327	DVKLFHARNQV	Q9H0H5	68	79	DVKLKHARNQV	48.0	90.9090909090909
Q5F8T5	49	60	WLGGWLRKREI	O75093	680	691	WLGGWLRKRKI	62.0	90.9090909090909
Q5F9W2	1165	1179	KRKAAESAKRKAEE	Q96T17	472	486	KRKAGEEAKRKAEE	57.0	85.71428571428571
