pathogenProtein	pStart	pEnd	pathogenSequence	hostProtein	hStart	hEnd	hostSequence	alnScore	percID
H9L450	156	167	LLVFSFYTLGV	Q2NL67	309	320	LCVFSFYTLGV	49.0	90.9090909090909
O30646	54	65	RKKTLLFPPGQ	Q9H9V9	250	261	RKKWLLFPPGQ	52.0	90.9090909090909
Q03032	46	60	PAPAPKAAPAAAAP	Q86YV5	1165	1179	PAPAPAPAPAAAAP	61.0	85.71428571428571
Q8ZL33	24	38	ITILVAPNGAGKTT	Q92878	30	44	LTILVGPNGAGKTT	63.0	85.71428571428571
Q8ZLC7	435	446	GHTEVLQLLLR	Q8WXI3	126	137	GHTEVLRLLLR	50.0	90.9090909090909
Q93GL8	644	654	QPQQPQQPQP	Q14814	368	378	QPQQPQQPQP	58.0	100.0
