pathogenProtein	pStart	pEnd	pathogenSequence	hostProtein	hStart	hEnd	hostSequence	alnScore	percID
A0A1C1C7B7	661	673	KKRGRKPKKVQQ	Q8WWQ0	1656	1668	KKRGRKPKKLQY	53.0	83.33333333333333
A0A1C1C9C5	158	170	KGRPSSPQTPLR	Q8WUF5	114	126	KGRPSSPRTPLY	53.0	83.33333333333333
A0A1C1CFJ4	64	76	DSGSSGEPGHSA	A6NNL0	87	99	DSGASGEPGHSL	56.0	83.33333333333333
A0A1C1CFJ4	64	76	DSGSSGEPGHSA	B1AL46	87	99	DSGASGEPGHSL	56.0	83.33333333333333
A0A1C1CFJ4	64	76	DSGSSGEPGHSA	Q5VT03	15	27	DSGASGEPGHSL	56.0	83.33333333333333
A0A1C1CFJ4	64	76	DSGSSGEPGHSA	Q8IVF1	87	99	DSGASGEPGHSL	56.0	83.33333333333333
A0A1C1CJX4	230	242	GVRPQTPQGPGS	Q86UR1	216	228	GVRPQQPQGPGA	58.0	83.33333333333333
A0A1C1CTC1	56	68	QLHPRDRRYSEV	Q9BXU3	354	366	QEHPRDRRYSEP	52.0	83.33333333333333
A0A1C1CY16	134	146	KKISPPVPPRPD	Q8N1I0	1783	1795	KLISPPVPPRPT	54.0	83.33333333333333
