pathogenProtein	pStart	pEnd	pathogenSequence	hostProtein	hStart	hEnd	hostSequence	alnScore	percID
A0A0D2E126	204	219	QFSQQLTPVRSPSPA	P20393	267	282	QFPQQLTPPRSPSPE	60.0	80.0
A0A0D2EIM4	119	132	CLASPRSLPDPTE	Q6ZVC0	529	542	CLASPHSLPDPTV	59.0	84.61538461538461
A0A0D2EZJ5	415	427	NKSTEEPTQPGE	Q9H0B6	586	598	NKSVEEPTQPGG	53.0	83.33333333333333
A0A0D2G695	291	302	PRPGPNPSPNP	Q8TC94	17	28	PRPGPNPSPNV	60.0	90.9090909090909
A0A0D2GI27	116	128	PTPPARRRRGTV	Q96L96	726	738	PTPPARRRHGTR	53.0	83.33333333333333
