pathogenProtein	pStart	pEnd	pathogenSequence	hostProtein	hStart	hEnd	hostSequence	alnScore	percID
U7PK13	329	340	KRGRGRPRKAM	Q9HBE1	263	274	KRGRGRPRKAN	51.0	90.9090909090909
U7PLP7	1947	1959	PGPQQTPVGASS	Q96DN2	937	949	PGPQQPPVGASR	53.0	83.33333333333333
U7PM57	48	70	DIHKGKALKKTVTNDRSAPALS	O43516	38	60	DISKGKKLKKTVTNDRSAPILD	87.0	81.81818181818181
U7PM57	55	68	LKKTVTNDRSAPA	O43312	740	753	LKKTTTNDRSAPR	55.0	84.61538461538461
U7PN27	388	400	TAKRGRGRPRKS	Q9HBE1	261	273	TGKRGRGRPRKA	55.0	83.33333333333333
U7PN68	326	338	DDPARNRPGSAA	Q86US8	230	242	DDPARGRPGSAK	53.0	83.33333333333333
U7PQT3	690	702	PLQPLARLGSPF	O60308	304	316	PLQPLARSGSPC	49.0	83.33333333333333
U7PRN5	467	479	HEAPPPSPSSPA	Q8N7E2	280	292	HYAPPPSPSSPV	57.0	83.33333333333333
U7PSQ3	10	22	LFGHSVGGAAGK	Q709C8	3465	3477	LFGHTVGGAAGV	53.0	83.33333333333333
U7Q0U4	498	510	GLPTSPKPGVNR	Q8NFH5	20	32	GSPTSPKPGVNA	54.0	83.33333333333333
U7Q1E9	154	166	DDEPSAPPTSTA	O60231	373	385	DEEPSAPPTSTQ	55.0	83.33333333333333
U7Q2X2	480	492	SRSGIPKPGMKR	Q8IVL1	582	594	SHSGIPKPGMKS	52.0	83.33333333333333
