pathogenProtein	pStart	pEnd	pathogenSequence	hostProtein	hStart	hEnd	hostSequence	alnScore	percID
C0NA80	175	187	HSPTPGKPSSPS	Q9P2B4	547	559	HSPTPGKVSSPL	53.0	83.33333333333333
C0NIF7	81	93	GPTPPPPSEPSS	P52746	619	631	GPTPPPDSEPSN	59.0	83.33333333333333
C0NJQ6	100	112	PRASFILRRHTH	Q9NVF9	9	21	PRASFHLRRHTP	48.0	83.33333333333333
C0NKI4	48	61	LKKTVTNDRSAPV	O43312	740	753	LKKTTTNDRSAPR	53.0	84.61538461538461
C0NLS4	2	15	SPAPPTPGRSSPP	Q9H305	21	34	SGAPPTPGRSSPA	57.0	84.61538461538461
C0NN79	974	986	PQGPLADPASPI	O43521	59	71	PQGPLAPPASPG	50.0	83.33333333333333
C0NTZ7	103	116	APLPRKRGRPPKL	Q96C55	47	60	ASLPRKRGRPPKS	57.0	84.61538461538461
C0NVR9	291	303	KRRGRPPLRKRS	Q6P995	796	808	KRRGRPPLAKRD	53.0	83.33333333333333
C0P0F1	177	192	EVPAERSWRRRSLSP	Q9UJF2	4	19	EVPAERSPRRRSISG	53.0	80.0
