pathogenProtein	pStart	pEnd	pathogenSequence	hostProtein	hStart	hEnd	hostSequence	alnScore	percID
A4HRI6	71	83	SSAPPPPQLSPT	Q7Z4S9	3	15	SSYPPPPQLSPR	53.0	83.33333333333333
A4HRJ7	149	161	HHPAAGSAAGTS	Q9NSV4	8	20	HHPAQGSAAGTP	54.0	83.33333333333333
A4HSW4	314	326	RKRGRPPKSQQL	Q96C55	51	63	RKRGRPPKSGQE	49.0	83.33333333333333
A4HTB5	1322	1335	GAGDASVLPSWPC	Q96TC7	71	84	GAGDASVLPSLPR	51.0	84.61538461538461
A4HVL8	512	523	SRGLGTPPAAA	O95948	277	288	SRGLGTPPAAM	51.0	90.9090909090909
A4HY59	518	531	DNPLLEVMETSSC	O00592	508	521	DNPTLEVMETSSE	50.0	84.61538461538461
A4HYT5	1691	1704	KPSGGAPAAAGEG	Q14774	349	362	KPSGGAPAADGEQ	54.0	84.61538461538461
A4I4A2	250	262	HRSGLRALPSGT	A0A1B0GUA9	11	23	HRPGLRALPSGV	52.0	83.33333333333333
A4I4H7	451	463	TPPAGYGAVPAS	Q96N11	410	422	TPPLGYGAVPAH	55.0	83.33333333333333
A4I6R4	846	859	TEAAPKRRGSSGV	Q9NQC3	171	184	TPAAPKRRGSSGS	52.0	84.61538461538461
A4I7B4	21	34	YGMDSDEEPPAAV	O95996	1509	1522	YGNDSDEEPPAAA	59.0	84.61538461538461
A4IBC8	101	112	EKRPRGRPRKT	P52926	72	83	EKRPRGRPRKW	53.0	90.9090909090909
E9AG60	226	238	GRRPREGLQRRG	Q8IZF5	32	44	GVRPREGLQRRQ	48.0	83.33333333333333
