pathogenProtein	pStart	pEnd	pathogenSequence	hostProtein	hStart	hEnd	hostSequence	alnScore	percID
A0A175VMV1	158	170	RFGLPSLGRRRE	Q96FS4	553	565	RFGLPSLGGRRR	50.0	83.33333333333333
A0A175VQK5	70	83	KKRRGRPPGRPNM	P49711	648	661	KKRRGRPPGRTNQ	61.0	84.61538461538461
A0A175VUQ2	429	441	GLPTSPKPGVNR	Q8NFH5	20	32	GSPTSPKPGVNA	54.0	83.33333333333333
A0A175VZM8	343	358	ATPGSPVSLSAAAGA	Q8TEJ3	158	173	STPGSPVFLSAAAGS	59.0	80.0
A0A175W0W4	909	921	PQMQHAAPSPVN	Q8WWM7	883	895	PQSQHAAPSPVQ	54.0	83.33333333333333
A0A175W1X9	1003	1018	DLSSDATPRPASSLA	Q9P1W8	352	367	DQSSDATPGPASSLT	55.0	80.0
A0A175W6I0	350	362	GGDGSPGGKGDG	P02461	1022	1034	GRDGSPGGKGDR	54.0	83.33333333333333
A0A175WA65	712	723	EKRPRGRPRKG	P52926	72	83	EKRPRGRPRKW	53.0	90.9090909090909
A0A175WCG5	197	209	PGPGLHGAPPAH	Q9Y5W3	204	216	PGPGLHYAPPAP	55.0	83.33333333333333
A0A175WDD7	602	614	PAPGRAEQGPEE	Q9NWS0	195	207	PAPGRAESGPEK	57.0	83.33333333333333
