pathogenProtein	pStart	pEnd	pathogenSequence	hostProtein	hStart	hEnd	hostSequence	alnScore	percID
A0A0A2V195	613	625	SMEPRTQAHSGA	Q9H4M7	317	329	SQEPRTQAHSGS	54.0	83.33333333333333
A0A0A2V3H7	91	106	AAAAAATATSSGGGD	Q9UI36	62	77	AAAAAATVTSTGGGG	56.0	80.0
A0A0A2V6N9	68	80	EDLSPPSPPIPV	Q13127	857	869	EDLSPPSPPLPK	58.0	83.33333333333333
C1GX51	259	274	SPSDTSRSSTPAVPP	O15055	831	846	SPSDTSQSSCPAVPF	56.0	80.0
C1H2Z3	619	631	PLPSPRRVMVPT	O95096	195	207	PLPSPRRVAVPV	53.0	83.33333333333333
C1H7F1	263	276	AGPLAPSPLSQNP	Q9UJY4	456	469	AGPLAPSPSSQNT	55.0	84.61538461538461
