pathogenProtein	pStart	pEnd	pathogenSequence	hostProtein	hStart	hEnd	hostSequence	alnScore	percID
Q382W0	133	145	NLYTNPGKKGTY	A7E2U8	139	151	NLYTNPGKKGTG	59.0	91.66666666666667
Q384P9	202	214	GRCCRVPRSISE	P11310	5	17	GRCCRVLRSISR	52.0	83.33333333333333
Q38ES0	1636	1648	CRAGAVQTQQRK	Q9NVI7	112	124	CRAGAVQTQERL	52.0	83.33333333333333
Q38FU7	217	229	FPLDPSFNEATN	A0A1B0GVN3	87	99	FPYDPSFNEATA	53.0	83.33333333333333
Q57XR5	415	426	PTTEGGDGETS	Q9Y2T7	292	303	PTTEGGDGETK	56.0	90.9090909090909
Q57YC9	556	568	RTHLLLPARVPL	Q09013	570	582	RRHLLLPARVPR	49.0	83.33333333333333
Q57ZC1	191	202	RPDTVGQRGGR	Q8N365	44	55	RPDTVGQRGGS	54.0	90.9090909090909
